id,timestamp,frequency_hz,rssi_dbm,source_file
1,2025-04-22 12:07:33.181871,5500000000.0,-61.89,1
2,2025-04-22 12:07:37.525965,5500000000.0,-71.45,1
3,2025-04-22 12:07:41.859329,5500000000.0,-62.14,1
4,2025-04-22 12:07:46.290662,5500000000.0,-62.38,1
5,2025-04-22 12:07:50.659563,5500000000.0,-61.87,1
6,2025-04-22 12:07:55.075478,5500000000.0,-70.61,1
7,2025-04-22 12:07:59.425753,5500000000.0,-68.9,1
8,2025-04-22 12:08:03.788954,5500000000.0,-70.26,1
9,2025-04-22 12:08:08.230138,5500000000.0,-61.86,1
10,2025-04-22 12:08:12.625016,5500000000.0,-70.77,1
11,2025-04-22 12:08:17.056467,5500000000.0,-65.1,1
12,2025-04-22 12:08:21.597898,5500000000.0,-65.15,1
13,2025-04-22 12:08:25.902625,5500000000.0,-65.98,1
14,2025-04-22 12:08:30.198554,5500000000.0,-66.18,1
15,2025-04-22 12:08:34.562524,5500000000.0,-50.26,1
16,2025-04-22 12:08:38.937403,5500000000.0,-50.31,1
17,2025-04-22 12:08:43.237502,5500000000.0,-62.14,1
18,2025-04-22 12:08:47.630434,5500000000.0,-67.89,1
19,2025-04-22 12:08:52.011382,5500000000.0,-68.5,1
20,2025-04-22 12:08:56.291715,5500000000.0,-70.11,1
21,2025-04-22 12:09:00.669540,5500000000.0,-65.69,1
22,2025-04-22 12:09:05.189706,5500000000.0,-55.07,1
23,2025-04-22 12:09:09.602997,5500000000.0,-67.85,1
24,2025-04-22 12:09:14.040807,5500000000.0,-65.25,1
25,2025-04-22 12:09:18.491284,5500000000.0,-58.2,1
26,2025-04-22 12:09:22.857372,5500000000.0,-64.75,1
27,2025-04-22 12:09:27.172088,5500000000.0,-59.57,1
1,2025-04-22 12:10:21.960116,5500000000.0,-68.37,2
2,2025-04-22 12:10:26.279690,5500000000.0,-66.3,2
3,2025-04-22 12:10:30.580857,5500000000.0,-69.41,2
4,2025-04-22 12:10:34.903774,5500000000.0,-69.19,2
5,2025-04-22 12:10:39.270041,5500000000.0,-60.4,2
6,2025-04-22 12:10:43.553828,5500000000.0,-62.62,2
7,2025-04-22 12:10:47.843777,5500000000.0,-82.45,2
8,2025-04-22 12:10:52.224515,5500000000.0,-81.12,2
9,2025-04-22 12:10:56.544889,5500000000.0,-67.3,2
10,2025-04-22 12:11:00.861891,5500000000.0,-72.79,2
11,2025-04-22 12:11:05.147443,5500000000.0,-71.39,2
12,2025-04-22 12:11:09.557192,5500000000.0,-70.98,2
13,2025-04-22 12:11:13.861593,5500000000.0,-70.18,2
14,2025-04-22 12:11:18.196971,5500000000.0,-69.87,2
15,2025-04-22 12:11:22.578603,5500000000.0,-54.64,2
16,2025-04-22 12:11:26.924690,5500000000.0,-54.95,2
17,2025-04-22 12:11:31.234583,5500000000.0,-62.84,2
18,2025-04-22 12:11:35.798499,5500000000.0,-70.78,2
19,2025-04-22 12:11:40.163142,5500000000.0,-84.04,2
20,2025-04-22 12:11:44.472687,5500000000.0,-79.48,2
21,2025-04-22 12:11:48.776426,5500000000.0,-80.89,2
22,2025-04-22 12:11:53.116363,5500000000.0,-54.91,2
23,2025-04-22 12:11:57.504852,5500000000.0,-71.06,2
24,2025-04-22 12:12:01.856365,5500000000.0,-66.7,2
25,2025-04-22 12:12:06.135018,5500000000.0,-58.92,2
26,2025-04-22 12:12:10.505604,5500000000.0,-65.84,2
27,2025-04-22 12:12:14.852529,5500000000.0,-59.95,2
1,2025-04-22 12:12:52.810879,5500000000.0,-65.19,3
2,2025-04-22 12:12:57.146269,5500000000.0,-65.54,3
3,2025-04-22 12:13:01.515149,5500000000.0,-64.58,3
4,2025-04-22 12:13:05.849119,5500000000.0,-65.3,3
5,2025-04-22 12:13:10.215066,5500000000.0,-57.39,3
6,2025-04-22 12:13:14.549039,5500000000.0,-60.61,3
7,2025-04-22 12:13:18.913836,5500000000.0,-65.22,3
8,2025-04-22 12:13:23.201466,5500000000.0,-65.8,3
9,2025-04-22 12:13:27.527814,5500000000.0,-62.58,3
10,2025-04-22 12:13:31.831481,5500000000.0,-65.12,3
11,2025-04-22 12:13:36.191404,5500000000.0,-64.39,3
12,2025-04-22 12:13:40.522671,5500000000.0,-64.89,3
13,2025-04-22 12:13:44.840353,5500000000.0,-66.08,3
14,2025-04-22 12:13:49.137200,5500000000.0,-65.83,3
15,2025-04-22 12:13:53.514587,5500000000.0,-57.56,3
16,2025-04-22 12:13:57.810700,5500000000.0,-73.33,3
17,2025-04-22 12:14:02.132239,5500000000.0,-60.11,3
18,2025-04-22 12:14:06.479322,5500000000.0,-69.3,3
19,2025-04-22 12:14:10.786914,5500000000.0,-65.43,3
20,2025-04-22 12:14:15.198127,5500000000.0,-65.53,3
21,2025-04-22 12:14:19.552101,5500000000.0,-62.52,3
22,2025-04-22 12:14:23.994762,5500000000.0,-62.84,3
23,2025-04-22 12:14:28.375787,5500000000.0,-66.71,3
24,2025-04-22 12:14:33.086529,5500000000.0,-70.64,3
25,2025-04-22 12:14:37.448778,5500000000.0,-59.72,3
26,2025-04-22 12:14:41.759938,5500000000.0,-64.7,3
27,2025-04-22 12:14:46.097300,5500000000.0,-60.57,3
1,2025-04-22 12:15:20.359951,5500000000.0,-62.97,4
2,2025-04-22 12:15:24.668222,5500000000.0,-68.52,4
3,2025-04-22 12:15:29.018350,5500000000.0,-62.83,4
4,2025-04-22 12:15:33.433521,5500000000.0,-63.29,4
5,2025-04-22 12:15:37.893235,5500000000.0,-59.6,4
6,2025-04-22 12:15:42.920523,5500000000.0,-63.84,4
7,2025-04-22 12:15:47.272345,5500000000.0,-69.82,4
8,2025-04-22 12:15:52.059833,5500000000.0,-67.66,4
9,2025-04-22 12:15:56.357137,5500000000.0,-61.58,4
10,2025-04-22 12:16:01.112434,5500000000.0,-68.38,4
11,2025-04-22 12:16:05.485264,5500000000.0,-64.16,4
12,2025-04-22 12:16:09.822529,5500000000.0,-64.28,4
13,2025-04-22 12:16:14.173070,5500000000.0,-65.37,4
14,2025-04-22 12:16:18.526027,5500000000.0,-65.38,4
15,2025-04-22 12:16:22.962541,5500000000.0,-57.26,4
16,2025-04-22 12:16:27.343295,5500000000.0,-64.57,4
17,2025-04-22 12:16:31.726035,5500000000.0,-60.77,4
18,2025-04-22 12:16:36.048834,5500000000.0,-59.96,4
19,2025-04-22 12:16:40.415607,5500000000.0,-69.1,4
20,2025-04-22 12:16:44.769973,5500000000.0,-66.97,4
21,2025-04-22 12:16:49.148466,5500000000.0,-64.84,4
22,2025-04-22 12:16:53.673334,5500000000.0,-72.99,4
23,2025-04-22 12:16:58.061750,5500000000.0,-66.6,4
24,2025-04-22 12:17:02.395163,5500000000.0,-62.52,4
25,2025-04-22 12:17:06.776785,5500000000.0,-57.85,4
26,2025-04-22 12:17:11.081776,5500000000.0,-78.78,4
27,2025-04-22 12:17:15.479503,5500000000.0,-58.38,4
1,2025-04-22 12:18:20.557072,5500000000.0,-66.74,5
2,2025-04-22 12:18:25.139099,5500000000.0,-63.87,5
3,2025-04-22 12:18:29.421218,5500000000.0,-67.58,5
4,2025-04-22 12:18:33.760193,5500000000.0,-67.47,5
5,2025-04-22 12:18:38.193951,5500000000.0,-62.47,5
6,2025-04-22 12:18:42.571244,5500000000.0,-69.15,5
7,2025-04-22 12:18:47.001627,5500000000.0,-76.53,5
8,2025-04-22 12:18:51.320059,5500000000.0,-72.52,5
9,2025-04-22 12:18:55.697548,5500000000.0,-65.64,5
10,2025-04-22 12:18:59.998280,5500000000.0,-87.16,5
11,2025-04-22 12:19:04.309974,5500000000.0,-68.4,5
12,2025-04-22 12:19:08.740384,5500000000.0,-67.76,5
13,2025-04-22 12:19:13.063500,5500000000.0,-67.23,5
14,2025-04-22 12:19:17.447418,5500000000.0,-67.22,5
15,2025-04-22 12:19:21.824431,5500000000.0,-60.05,5
16,2025-04-22 12:19:26.167833,5500000000.0,-62.14,5
17,2025-04-22 12:19:30.538484,5500000000.0,-55.41,5
18,2025-04-22 12:19:34.766990,5500000000.0,-55.33,5
19,2025-04-22 12:19:39.223540,5500000000.0,-82.47,5
20,2025-04-22 12:19:43.526396,5500000000.0,-73.67,5
21,2025-04-22 12:19:47.859517,5500000000.0,-71.73,5
22,2025-04-22 12:19:52.224808,5500000000.0,-66.47,5
23,2025-04-22 12:19:56.580977,5500000000.0,-73.41,5
24,2025-04-22 12:20:00.898408,5500000000.0,-60.07,5
25,2025-04-22 12:20:05.251908,5500000000.0,-56.37,5
26,2025-04-22 12:20:09.555089,5500000000.0,-61.02,5
27,2025-04-22 12:20:13.927557,5500000000.0,-56.64,5
1,2025-04-22 12:21:05.554319,5500000000.0,-80.66,6
2,2025-04-22 12:21:09.904490,5500000000.0,-66.91,6
3,2025-04-22 12:21:14.206450,5500000000.0,-84.9,6
4,2025-04-22 12:21:18.506162,5500000000.0,-83.51,6
5,2025-04-22 12:21:22.952675,5500000000.0,-61.62,6
6,2025-04-22 12:21:27.215935,5500000000.0,-65.4,6
7,2025-04-22 12:21:31.514004,5500000000.0,-72.68,6
8,2025-04-22 12:21:35.846114,5500000000.0,-73.3,6
9,2025-04-22 12:21:40.169779,5500000000.0,-77.4,6
10,2025-04-22 12:21:44.539859,5500000000.0,-75.04,6
11,2025-04-22 12:21:48.871726,5500000000.0,-72.98,6
12,2025-04-22 12:21:53.179606,5500000000.0,-72.17,6
13,2025-04-22 12:21:57.492409,5500000000.0,-71.63,6
14,2025-04-22 12:22:01.805936,5500000000.0,-71.37,6
15,2025-04-22 12:22:06.126096,5500000000.0,-65.92,6
16,2025-04-22 12:22:10.453171,5500000000.0,-69.82,6
17,2025-04-22 12:22:14.771652,5500000000.0,-50.37,6
18,2025-04-22 12:22:19.061614,5500000000.0,-50.18,6
19,2025-04-22 12:22:23.399602,5500000000.0,-74.53,6
20,2025-04-22 12:22:27.762297,5500000000.0,-73.1,6
21,2025-04-22 12:22:32.138543,5500000000.0,-71.07,6
22,2025-04-22 12:22:36.448645,5500000000.0,-62.02,6
23,2025-04-22 12:22:40.736335,5500000000.0,-71.37,6
24,2025-04-22 12:22:45.076921,5500000000.0,-55.61,6
25,2025-04-22 12:22:49.387822,5500000000.0,-52.66,6
26,2025-04-22 12:22:53.800716,5500000000.0,-55.32,6
27,2025-04-22 12:22:58.133574,5500000000.0,-53.12,6
1,2025-04-22 12:24:03.975273,5500000000.0,-59.68,7
2,2025-04-22 12:24:08.467278,5500000000.0,-64.95,7
3,2025-04-22 12:24:12.857765,5500000000.0,-59.54,7
4,2025-04-22 12:24:17.493077,5500000000.0,-60.01,7
5,2025-04-22 12:24:21.893155,5500000000.0,-58.84,7
6,2025-04-22 12:24:26.300995,5500000000.0,-63.77,7
7,2025-04-22 12:24:30.682383,5500000000.0,-69.07,7
8,2025-04-22 12:24:34.982458,5500000000.0,-62.68,7
9,2025-04-22 12:24:39.407476,5500000000.0,-57.71,7
10,2025-04-22 12:24:43.667650,5500000000.0,-61.32,7
11,2025-04-22 12:24:48.128125,5500000000.0,-60.62,7
12,2025-04-22 12:24:52.530522,5500000000.0,-60.44,7
13,2025-04-22 12:24:56.846245,5500000000.0,-61.45,7
14,2025-04-22 12:25:01.208335,5500000000.0,-61.26,7
15,2025-04-22 12:25:05.583267,5500000000.0,-58.23,7
16,2025-04-22 12:25:09.992653,5500000000.0,-69.61,7
17,2025-04-22 12:25:14.289078,5500000000.0,-49.35,7
18,2025-04-22 12:25:18.555161,5500000000.0,-50.98,7
19,2025-04-22 12:25:22.979785,5500000000.0,-66.7,7
20,2025-04-22 12:25:27.320618,5500000000.0,-63.97,7
21,2025-04-22 12:25:31.620120,5500000000.0,-62.54,7
22,2025-04-22 12:25:35.952795,5500000000.0,-67.75,7
23,2025-04-22 12:25:40.334771,5500000000.0,-60.58,7
24,2025-04-22 12:25:44.685491,5500000000.0,-61.06,7
25,2025-04-22 12:25:48.967756,5500000000.0,-57.41,7
26,2025-04-22 12:25:53.301411,5500000000.0,-52.3,7
27,2025-04-22 12:25:57.618859,5500000000.0,-57.03,7
1,2025-04-22 12:26:45.868364,5500000000.0,-65.81,8
2,2025-04-22 12:26:50.153317,5500000000.0,-55.45,8
3,2025-04-22 12:26:54.533319,5500000000.0,-66.46,8
4,2025-04-22 12:26:58.871341,5500000000.0,-67.02,8
5,2025-04-22 12:27:03.176077,5500000000.0,-55.74,8
6,2025-04-22 12:27:07.489563,5500000000.0,-52.55,8
7,2025-04-22 12:27:11.913813,5500000000.0,-62.69,8
8,2025-04-22 12:27:16.280386,5500000000.0,-60.61,8
9,2025-04-22 12:27:20.730577,5500000000.0,-58.91,8
10,2025-04-22 12:27:25.242243,5500000000.0,-63.62,8
11,2025-04-22 12:27:29.548779,5500000000.0,-61.32,8
12,2025-04-22 12:27:33.924223,5500000000.0,-59.95,8
13,2025-04-22 12:27:38.298792,5500000000.0,-58.57,8
14,2025-04-22 12:27:42.601084,5500000000.0,-58.49,8
15,2025-04-22 12:27:46.928630,5500000000.0,-60.11,8
16,2025-04-22 12:27:51.584284,5500000000.0,-65.36,8
17,2025-04-22 12:27:55.890800,5500000000.0,-53.92,8
18,2025-04-22 12:28:00.182144,5500000000.0,-58.53,8
19,2025-04-22 12:28:04.495897,5500000000.0,-65.69,8
20,2025-04-22 12:28:08.856385,5500000000.0,-62.15,8
21,2025-04-22 12:28:13.163207,5500000000.0,-64.56,8
22,2025-04-22 12:28:17.442130,5500000000.0,-70.39,8
23,2025-04-22 12:28:21.830742,5500000000.0,-62.42,8
24,2025-04-22 12:28:26.211530,5500000000.0,-75.24,8
25,2025-04-22 12:28:30.669369,5500000000.0,-62.33,8
26,2025-04-22 12:28:35.078521,5500000000.0,-56.14,8
27,2025-04-22 12:28:39.384107,5500000000.0,-61.83,8
1,2025-04-22 12:32:02.338303,5500000000.0,-61.97,9
2,2025-04-22 12:32:06.667065,5500000000.0,-60.4,9
3,2025-04-22 12:32:11.012409,5500000000.0,-62.16,9
4,2025-04-22 12:32:15.302287,5500000000.0,-63.39,9
5,2025-04-22 12:32:19.692228,5500000000.0,-50.09,9
6,2025-04-22 12:32:23.981114,5500000000.0,-50.28,9
7,2025-04-22 12:32:28.381776,5500000000.0,-64.98,9
8,2025-04-22 12:32:32.710494,5500000000.0,-67.51,9
9,2025-04-22 12:32:37.095626,5500000000.0,-62.99,9
10,2025-04-22 12:32:41.412778,5500000000.0,-62.55,9
11,2025-04-22 12:32:45.804348,5500000000.0,-66.17,9
12,2025-04-22 12:32:50.114833,5500000000.0,-64.59,9
13,2025-04-22 12:32:54.446640,5500000000.0,-63.18,9
14,2025-04-22 12:32:58.759145,5500000000.0,-63.44,9
15,2025-04-22 12:33:03.120234,5500000000.0,-70.77,9
16,2025-04-22 12:33:07.467795,5500000000.0,-86.14,9
17,2025-04-22 12:33:11.918714,5500000000.0,-62.25,9
18,2025-04-22 12:33:16.517184,5500000000.0,-64.57,9
19,2025-04-22 12:33:21.067310,5500000000.0,-74.06,9
20,2025-04-22 12:33:25.447576,5500000000.0,-71.6,9
21,2025-04-22 12:33:29.817285,5500000000.0,-66.34,9
22,2025-04-22 12:33:34.200899,5500000000.0,-65.89,9
23,2025-04-22 12:33:38.777553,5500000000.0,-61.04,9
24,2025-04-22 12:33:43.161095,5500000000.0,-59.29,9
25,2025-04-22 12:33:47.520025,5500000000.0,-67.03,9
26,2025-04-22 12:33:51.826866,5500000000.0,-67.81,9
27,2025-04-22 12:33:56.129651,5500000000.0,-61.08,9
1,2025-04-22 12:34:42.399059,5500000000.0,-53.48,10
2,2025-04-22 12:34:46.698585,5500000000.0,-52.04,10
3,2025-04-22 12:34:51.096293,5500000000.0,-53.5,10
4,2025-04-22 12:34:55.409783,5500000000.0,-53.68,10
5,2025-04-22 12:34:59.756945,5500000000.0,-52.38,10
6,2025-04-22 12:35:04.067355,5500000000.0,-51.58,10
7,2025-04-22 12:35:08.382725,5500000000.0,-56.1,10
8,2025-04-22 12:35:12.672843,5500000000.0,-57.77,10
9,2025-04-22 12:35:16.970664,5500000000.0,-54.72,10
10,2025-04-22 12:35:21.304108,5500000000.0,-56.76,10
11,2025-04-22 12:35:25.638605,5500000000.0,-57.51,10
12,2025-04-22 12:35:29.975526,5500000000.0,-55.72,10
13,2025-04-22 12:35:34.272613,5500000000.0,-55.33,10
14,2025-04-22 12:35:38.601658,5500000000.0,-55.52,10
15,2025-04-22 12:35:42.886894,5500000000.0,-62.73,10
16,2025-04-22 12:35:47.183384,5500000000.0,-68.51,10
17,2025-04-22 12:35:51.547136,5500000000.0,-59.22,10
18,2025-04-22 12:35:55.841210,5500000000.0,-58.87,10
19,2025-04-22 12:36:00.180653,5500000000.0,-65.67,10
20,2025-04-22 12:36:04.506494,5500000000.0,-62.53,10
21,2025-04-22 12:36:08.900193,5500000000.0,-59.51,10
22,2025-04-22 12:36:13.269172,5500000000.0,-69.64,10
23,2025-04-22 12:36:17.595216,5500000000.0,-56.55,10
24,2025-04-22 12:36:21.994658,5500000000.0,-59.06,10
25,2025-04-22 12:36:26.284984,5500000000.0,-61.69,10
26,2025-04-22 12:36:30.586646,5500000000.0,-57.74,10
27,2025-04-22 12:36:34.999146,5500000000.0,-60.06,10
1,2025-04-22 12:37:28.233166,5500000000.0,-50.41,11
2,2025-04-22 12:37:32.567563,5500000000.0,-46.36,11
3,2025-04-22 12:37:36.909012,5500000000.0,-50.44,11
4,2025-04-22 12:37:41.274047,5500000000.0,-50.39,11
5,2025-04-22 12:37:45.616677,5500000000.0,-58.81,11
6,2025-04-22 12:37:50.040780,5500000000.0,-58.4,11
7,2025-04-22 12:37:54.439185,5500000000.0,-51.65,11
8,2025-04-22 12:37:58.880088,5500000000.0,-51.46,11
9,2025-04-22 12:38:03.314167,5500000000.0,-50.6,11
10,2025-04-22 12:38:07.628512,5500000000.0,-51.1,11
11,2025-04-22 12:38:11.890987,5500000000.0,-52.26,11
12,2025-04-22 12:38:16.171767,5500000000.0,-50.31,11
13,2025-04-22 12:38:20.588589,5500000000.0,-49.6,11
14,2025-04-22 12:38:24.915694,5500000000.0,-49.61,11
15,2025-04-22 12:38:29.233539,5500000000.0,-63.77,11
16,2025-04-22 12:38:33.556609,5500000000.0,-65.96,11
17,2025-04-22 12:38:37.900426,5500000000.0,-61.18,11
18,2025-04-22 12:38:42.212063,5500000000.0,-60.62,11
19,2025-04-22 12:38:46.525163,5500000000.0,-59.22,11
20,2025-04-22 12:38:50.862525,5500000000.0,-55.54,11
21,2025-04-22 12:38:55.214893,5500000000.0,-57.06,11
22,2025-04-22 12:38:59.518213,5500000000.0,-65.41,11
23,2025-04-22 12:39:03.818861,5500000000.0,-52.04,11
24,2025-04-22 12:39:08.169198,5500000000.0,-55.01,11
25,2025-04-22 12:39:12.491227,5500000000.0,-54.62,11
26,2025-04-22 12:39:16.812785,5500000000.0,-54.24,11
27,2025-04-22 12:39:21.154119,5500000000.0,-55.06,11
1,2025-04-22 12:41:05.854301,5500000000.0,-50.92,12
2,2025-04-22 12:41:10.234030,5500000000.0,-48.81,12
3,2025-04-22 12:41:14.538219,5500000000.0,-50.92,12
4,2025-04-22 12:41:18.913031,5500000000.0,-50.7,12
5,2025-04-22 12:41:23.322440,5500000000.0,-54.2,12
6,2025-04-22 12:41:27.665128,5500000000.0,-54.84,12
7,2025-04-22 12:41:31.987879,5500000000.0,-54.06,12
8,2025-04-22 12:41:36.332934,5500000000.0,-54.01,12
9,2025-04-22 12:41:40.642257,5500000000.0,-52.9,12
10,2025-04-22 12:41:45.068728,5500000000.0,-51.69,12
11,2025-04-22 12:41:49.469401,5500000000.0,-53.58,12
12,2025-04-22 12:41:53.830428,5500000000.0,-51.99,12
13,2025-04-22 12:41:58.156564,5500000000.0,-51.68,12
14,2025-04-22 12:42:02.487546,5500000000.0,-51.64,12
15,2025-04-22 12:42:06.861982,5500000000.0,-72.91,12
16,2025-04-22 12:42:11.114761,5500000000.0,-62.39,12
17,2025-04-22 12:42:15.498610,5500000000.0,-60.63,12
18,2025-04-22 12:42:19.843215,5500000000.0,-60.1,12
19,2025-04-22 12:42:24.200079,5500000000.0,-64.16,12
20,2025-04-22 12:42:28.539391,5500000000.0,-57.44,12
21,2025-04-22 12:42:32.868365,5500000000.0,-56.66,12
22,2025-04-22 12:42:37.192655,5500000000.0,-67.4,12
23,2025-04-22 12:42:41.511448,5500000000.0,-53.1,12
24,2025-04-22 12:42:45.914528,5500000000.0,-56.83,12
25,2025-04-22 12:42:50.305313,5500000000.0,-55.16,12
26,2025-04-22 12:42:54.665579,5500000000.0,-59.26,12
27,2025-04-22 12:42:59.020352,5500000000.0,-56.47,12
1,2025-04-22 12:43:41.327665,5500000000.0,-56.49,13
2,2025-04-22 12:43:45.719734,5500000000.0,-53.67,13
3,2025-04-22 12:43:50.023956,5500000000.0,-56.5,13
4,2025-04-22 12:43:54.396073,5500000000.0,-56.31,13
5,2025-04-22 12:43:58.783735,5500000000.0,-51.12,13
6,2025-04-22 12:44:03.101392,5500000000.0,-50.5,13
7,2025-04-22 12:44:07.532428,5500000000.0,-61.22,13
8,2025-04-22 12:44:11.812040,5500000000.0,-58.25,13
9,2025-04-22 12:44:16.196055,5500000000.0,-56.28,13
10,2025-04-22 12:44:20.471127,5500000000.0,-54.99,13
11,2025-04-22 12:44:24.975955,5500000000.0,-57.49,13
12,2025-04-22 12:44:29.437604,5500000000.0,-56.01,13
13,2025-04-22 12:44:33.743938,5500000000.0,-55.46,13
14,2025-04-22 12:44:38.153050,5500000000.0,-55.44,13
15,2025-04-22 12:44:42.427640,5500000000.0,-68.21,13
16,2025-04-22 12:44:46.818534,5500000000.0,-62.17,13
17,2025-04-22 12:44:51.182789,5500000000.0,-60.03,13
18,2025-04-22 12:44:55.462367,5500000000.0,-58.79,13
19,2025-04-22 12:44:59.818714,5500000000.0,-73.25,13
20,2025-04-22 12:45:04.175171,5500000000.0,-60.52,13
21,2025-04-22 12:45:08.548558,5500000000.0,-60.26,13
22,2025-04-22 12:45:12.882865,5500000000.0,-68.68,13
23,2025-04-22 12:45:17.162626,5500000000.0,-55.71,13
24,2025-04-22 12:45:21.502386,5500000000.0,-60.46,13
25,2025-04-22 12:45:25.839636,5500000000.0,-58.23,13
26,2025-04-22 12:45:30.154779,5500000000.0,-61.9,13
27,2025-04-22 12:45:34.429325,5500000000.0,-59.1,13
1,2025-04-22 12:46:14.554091,5500000000.0,-61.34,14
2,2025-04-22 12:46:18.849245,5500000000.0,-60.37,14
3,2025-04-22 12:46:23.302488,5500000000.0,-61.3,14
4,2025-04-22 12:46:27.715031,5500000000.0,-61.87,14
5,2025-04-22 12:46:32.055121,5500000000.0,-53.5,14
6,2025-04-22 12:46:36.425144,5500000000.0,-52.97,14
7,2025-04-22 12:46:40.803269,5500000000.0,-62.48,14
8,2025-04-22 12:46:45.122226,5500000000.0,-72.23,14
9,2025-04-22 12:46:49.459109,5500000000.0,-70.29,14
10,2025-04-22 12:46:53.888315,5500000000.0,-68.93,14
11,2025-04-22 12:46:58.277870,5500000000.0,-72.89,14
12,2025-04-22 12:47:02.569999,5500000000.0,-70.58,14
13,2025-04-22 12:47:06.916298,5500000000.0,-66.92,14
14,2025-04-22 12:47:11.235273,5500000000.0,-66.99,14
15,2025-04-22 12:47:15.621222,5500000000.0,-68.46,14
16,2025-04-22 12:47:20.011389,5500000000.0,-76.74,14
17,2025-04-22 12:47:24.357823,5500000000.0,-67.92,14
18,2025-04-22 12:47:28.697122,5500000000.0,-67.71,14
19,2025-04-22 12:47:33.074217,5500000000.0,-67.4,14
20,2025-04-22 12:47:37.409357,5500000000.0,-79.67,14
21,2025-04-22 12:47:41.869136,5500000000.0,-68.47,14
22,2025-04-22 12:47:46.369439,5500000000.0,-69.34,14
23,2025-04-22 12:47:50.703158,5500000000.0,-66.24,14
24,2025-04-22 12:47:55.041679,5500000000.0,-67.42,14
25,2025-04-22 12:47:59.376075,5500000000.0,-64.76,14
26,2025-04-22 12:48:03.722525,5500000000.0,-74.81,14
27,2025-04-22 12:48:08.077086,5500000000.0,-69.98,14
1,2025-04-22 12:48:56.712237,5500000000.0,-60.68,15
2,2025-04-22 12:49:00.963708,5500000000.0,-61.85,15
3,2025-04-22 12:49:05.350037,5500000000.0,-60.64,15
4,2025-04-22 12:49:09.760145,5500000000.0,-60.07,15
5,2025-04-22 12:49:14.048444,5500000000.0,-61.5,15
6,2025-04-22 12:49:18.375184,5500000000.0,-59.16,15
7,2025-04-22 12:49:22.756926,5500000000.0,-65.82,15
8,2025-04-22 12:49:27.180119,5500000000.0,-66.02,15
9,2025-04-22 12:49:31.537126,5500000000.0,-65.88,15
10,2025-04-22 12:49:35.839091,5500000000.0,-60.06,15
11,2025-04-22 12:49:40.409822,5500000000.0,-64.18,15
12,2025-04-22 12:49:44.672699,5500000000.0,-63.01,15
13,2025-04-22 12:49:48.982008,5500000000.0,-63.29,15
14,2025-04-22 12:49:53.293470,5500000000.0,-63.31,15
15,2025-04-22 12:49:57.742167,5500000000.0,-67.21,15
16,2025-04-22 12:50:02.093264,5500000000.0,-62.15,15
17,2025-04-22 12:50:06.468995,5500000000.0,-52.51,15
18,2025-04-22 12:50:10.872135,5500000000.0,-52.33,15
19,2025-04-22 12:50:15.196183,5500000000.0,-75.44,15
20,2025-04-22 12:50:19.527454,5500000000.0,-68.6,15
21,2025-04-22 12:50:23.899575,5500000000.0,-65.35,15
22,2025-04-22 12:50:28.195125,5500000000.0,-82.82,15
23,2025-04-22 12:50:32.495139,5500000000.0,-64.12,15
24,2025-04-22 12:50:36.807939,5500000000.0,-57.6,15
25,2025-04-22 12:50:41.105088,5500000000.0,-56.47,15
26,2025-04-22 12:50:45.386274,5500000000.0,-62.7,15
27,2025-04-22 12:50:49.667306,5500000000.0,-58.44,15
1,2025-04-22 12:51:35.875636,5500000000.0,-67.67,16
2,2025-04-22 12:51:40.253725,5500000000.0,-65.7,16
3,2025-04-22 12:51:44.581631,5500000000.0,-67.3,16
4,2025-04-22 12:51:48.947655,5500000000.0,-67.02,16
5,2025-04-22 12:51:53.244589,5500000000.0,-69.75,16
6,2025-04-22 12:51:57.533633,5500000000.0,-59.78,16
7,2025-04-22 12:52:01.866731,5500000000.0,-65.92,16
8,2025-04-22 12:52:06.259110,5500000000.0,-68.36,16
9,2025-04-22 12:52:10.617061,5500000000.0,-69.54,16
10,2025-04-22 12:52:14.941842,5500000000.0,-67.89,16
11,2025-04-22 12:52:19.331344,5500000000.0,-69.07,16
12,2025-04-22 12:52:23.672802,5500000000.0,-68.66,16
13,2025-04-22 12:52:27.971528,5500000000.0,-70.37,16
14,2025-04-22 12:52:32.769472,5500000000.0,-70.83,16
15,2025-04-22 12:52:37.072795,5500000000.0,-66.62,16
16,2025-04-22 12:52:41.389415,5500000000.0,-65.52,16
17,2025-04-22 12:52:45.875722,5500000000.0,-51.1,16
18,2025-04-22 12:52:50.186163,5500000000.0,-51.46,16
19,2025-04-22 12:52:54.499919,5500000000.0,-67.94,16
20,2025-04-22 12:52:58.934385,5500000000.0,-66.08,16
21,2025-04-22 12:53:04.078782,5500000000.0,-65.01,16
22,2025-04-22 12:53:08.482139,5500000000.0,-69.38,16
23,2025-04-22 12:53:12.764968,5500000000.0,-72.4,16
24,2025-04-22 12:53:17.060944,5500000000.0,-60.81,16
25,2025-04-22 12:53:21.366553,5500000000.0,-58.11,16
26,2025-04-22 12:53:25.684675,5500000000.0,-55.95,16
27,2025-04-22 12:53:30.012313,5500000000.0,-59.16,16
1,2025-04-22 12:54:18.411699,5500000000.0,-62.73,17
2,2025-04-22 12:54:22.930546,5500000000.0,-65.53,17
3,2025-04-22 12:54:27.283547,5500000000.0,-62.74,17
4,2025-04-22 12:54:31.570572,5500000000.0,-63.09,17
5,2025-04-22 12:54:35.963068,5500000000.0,-65.64,17
6,2025-04-22 12:54:40.394599,5500000000.0,-70.38,17
7,2025-04-22 12:54:44.707722,5500000000.0,-66.96,17
8,2025-04-22 12:54:49.020657,5500000000.0,-81.28,17
9,2025-04-22 12:54:53.419731,5500000000.0,-67.78,17
10,2025-04-22 12:54:57.731257,5500000000.0,-72.16,17
11,2025-04-22 12:55:02.047643,5500000000.0,-76.45,17
12,2025-04-22 12:55:06.400878,5500000000.0,-77.88,17
13,2025-04-22 12:55:10.753602,5500000000.0,-78.31,17
14,2025-04-22 12:55:15.086110,5500000000.0,-80.12,17
15,2025-04-22 12:55:19.382649,5500000000.0,-59.82,17
16,2025-04-22 12:55:23.814931,5500000000.0,-65.45,17
17,2025-04-22 12:55:28.166653,5500000000.0,-57.1,17
18,2025-04-22 12:55:32.511186,5500000000.0,-53.81,17
19,2025-04-22 12:55:36.864901,5500000000.0,-68.82,17
20,2025-04-22 12:55:41.226648,5500000000.0,-80.19,17
21,2025-04-22 12:55:45.505877,5500000000.0,-70.14,17
22,2025-04-22 12:55:49.834023,5500000000.0,-63.48,17
23,2025-04-22 12:55:54.218197,5500000000.0,-69.5,17
24,2025-04-22 12:55:58.614647,5500000000.0,-61.08,17
25,2025-04-22 12:56:02.968153,5500000000.0,-58.77,17
26,2025-04-22 12:56:07.272505,5500000000.0,-59.35,17
27,2025-04-22 12:56:11.604811,5500000000.0,-56.08,17
1,2025-04-22 12:57:06.890263,5500000000.0,-64.0,18
2,2025-04-22 12:57:11.145942,5500000000.0,-75.31,18
3,2025-04-22 12:57:15.463341,5500000000.0,-63.95,18
4,2025-04-22 12:57:19.892307,5500000000.0,-63.08,18
5,2025-04-22 12:57:24.315212,5500000000.0,-61.96,18
6,2025-04-22 12:57:28.717207,5500000000.0,-58.07,18
7,2025-04-22 12:57:33.050538,5500000000.0,-71.05,18
8,2025-04-22 12:57:37.525265,5500000000.0,-69.29,18
9,2025-04-22 12:57:41.821832,5500000000.0,-68.69,18
10,2025-04-22 12:57:46.091969,5500000000.0,-62.02,18
11,2025-04-22 12:57:50.396014,5500000000.0,-65.33,18
12,2025-04-22 12:57:54.799137,5500000000.0,-64.98,18
13,2025-04-22 12:57:59.108298,5500000000.0,-66.77,18
14,2025-04-22 12:58:03.435825,5500000000.0,-67.53,18
15,2025-04-22 12:58:07.820058,5500000000.0,-68.27,18
16,2025-04-22 12:58:12.130832,5500000000.0,-59.02,18
17,2025-04-22 12:58:16.505130,5500000000.0,-62.68,18
18,2025-04-22 12:58:20.843517,5500000000.0,-59.6,18
19,2025-04-22 12:58:25.171163,5500000000.0,-69.44,18
20,2025-04-22 12:58:29.610481,5500000000.0,-69.01,18
21,2025-04-22 12:58:34.119694,5500000000.0,-65.09,18
22,2025-04-22 12:58:38.461818,5500000000.0,-68.58,18
23,2025-04-22 12:58:42.827526,5500000000.0,-66.35,18
24,2025-04-22 12:58:47.156667,5500000000.0,-63.0,18
25,2025-04-22 12:58:51.587483,5500000000.0,-62.65,18
26,2025-04-22 12:58:55.923520,5500000000.0,-65.35,18
27,2025-04-22 12:59:00.306596,5500000000.0,-57.01,18
1,2025-04-22 12:59:49.794826,5500000000.0,-67.55,19
2,2025-04-22 12:59:54.158021,5500000000.0,-78.97,19
3,2025-04-22 12:59:58.443913,5500000000.0,-67.87,19
4,2025-04-22 13:00:02.829785,5500000000.0,-68.72,19
5,2025-04-22 13:00:07.094966,5500000000.0,-64.69,19
6,2025-04-22 13:00:11.459819,5500000000.0,-58.22,19
7,2025-04-22 13:00:15.742003,5500000000.0,-72.17,19
8,2025-04-22 13:00:20.037186,5500000000.0,-80.05,19
9,2025-04-22 13:00:24.395358,5500000000.0,-67.71,19
10,2025-04-22 13:00:28.745635,5500000000.0,-78.57,19
11,2025-04-22 13:00:33.009594,5500000000.0,-76.17,19
12,2025-04-22 13:00:37.347601,5500000000.0,-75.83,19
13,2025-04-22 13:00:41.719187,5500000000.0,-75.13,19
14,2025-04-22 13:00:46.018147,5500000000.0,-75.05,19
15,2025-04-22 13:00:50.392934,5500000000.0,-59.15,19
16,2025-04-22 13:00:54.717917,5500000000.0,-63.73,19
17,2025-04-22 13:00:59.017121,5500000000.0,-64.92,19
18,2025-04-22 13:01:03.280122,5500000000.0,-61.98,19
19,2025-04-22 13:01:07.621029,5500000000.0,-73.15,19
20,2025-04-22 13:01:11.893970,5500000000.0,-74.87,19
21,2025-04-22 13:01:16.212702,5500000000.0,-69.1,19
22,2025-04-22 13:01:20.601845,5500000000.0,-56.41,19
23,2025-04-22 13:01:24.917670,5500000000.0,-64.86,19
24,2025-04-22 13:01:29.332035,5500000000.0,-67.63,19
25,2025-04-22 13:01:33.643570,5500000000.0,-63.8,19
26,2025-04-22 13:01:37.943794,5500000000.0,-72.34,19
27,2025-04-22 13:01:42.470950,5500000000.0,-84.35,19
1,2025-04-22 13:02:34.588081,5500000000.0,-63.06,20
2,2025-04-22 13:02:39.023592,5500000000.0,-68.73,20
3,2025-04-22 13:02:43.316864,5500000000.0,-63.29,20
4,2025-04-22 13:02:47.649696,5500000000.0,-62.97,20
5,2025-04-22 13:02:52.197123,5500000000.0,-67.12,20
6,2025-04-22 13:02:56.479293,5500000000.0,-63.66,20
7,2025-04-22 13:03:00.821367,5500000000.0,-66.62,20
8,2025-04-22 13:03:05.152843,5500000000.0,-68.51,20
9,2025-04-22 13:03:09.622733,5500000000.0,-68.79,20
10,2025-04-22 13:03:13.916307,5500000000.0,-61.51,20
11,2025-04-22 13:03:18.620896,5500000000.0,-63.33,20
12,2025-04-22 13:03:23.044209,5500000000.0,-63.88,20
13,2025-04-22 13:03:27.413668,5500000000.0,-63.93,20
14,2025-04-22 13:03:31.830801,5500000000.0,-64.01,20
15,2025-04-22 13:03:36.549078,5500000000.0,-52.99,20
16,2025-04-22 13:03:40.879618,5500000000.0,-51.73,20
17,2025-04-22 13:03:45.182048,5500000000.0,-68.25,20
18,2025-04-22 13:03:49.578609,5500000000.0,-64.98,20
19,2025-04-22 13:03:54.007378,5500000000.0,-66.4,20
20,2025-04-22 13:03:58.342712,5500000000.0,-67.56,20
21,2025-04-22 13:04:02.591745,5500000000.0,-66.42,20
22,2025-04-22 13:04:06.922890,5500000000.0,-56.11,20
23,2025-04-22 13:04:11.285400,5500000000.0,-65.58,20
24,2025-04-22 13:04:15.624277,5500000000.0,-65.71,20
25,2025-04-22 13:04:19.934222,5500000000.0,-59.01,20
26,2025-04-22 13:04:24.386567,5500000000.0,-68.61,20
27,2025-04-22 13:04:29.168735,5500000000.0,-58.33,20
1,2025-04-22 13:05:37.215259,5500000000.0,-64.79,21
2,2025-04-22 13:05:41.578503,5500000000.0,-63.11,21
3,2025-04-22 13:05:45.964175,5500000000.0,-65.03,21
4,2025-04-22 13:05:50.360674,5500000000.0,-64.03,21
5,2025-04-22 13:05:54.758490,5500000000.0,-64.71,21
6,2025-04-22 13:05:59.114712,5500000000.0,-65.93,21
7,2025-04-22 13:06:03.434122,5500000000.0,-64.28,21
8,2025-04-22 13:06:08.067189,5500000000.0,-66.05,21
9,2025-04-22 13:06:12.396440,5500000000.0,-65.92,21
10,2025-04-22 13:06:16.770621,5500000000.0,-59.66,21
11,2025-04-22 13:06:21.110236,5500000000.0,-61.68,21
12,2025-04-22 13:06:25.534385,5500000000.0,-61.86,21
13,2025-04-22 13:06:30.177329,5500000000.0,-61.55,21
14,2025-04-22 13:06:34.471763,5500000000.0,-61.61,21
15,2025-04-22 13:06:39.239882,5500000000.0,-51.87,21
16,2025-04-22 13:06:44.010642,5500000000.0,-48.56,21
17,2025-04-22 13:06:48.295184,5500000000.0,-72.57,21
18,2025-04-22 13:06:52.594556,5500000000.0,-70.69,21
19,2025-04-22 13:06:56.907161,5500000000.0,-64.05,21
20,2025-04-22 13:07:01.264115,5500000000.0,-65.14,21
21,2025-04-22 13:07:05.771742,5500000000.0,-63.84,21
22,2025-04-22 13:07:10.298516,5500000000.0,-58.43,21
23,2025-04-22 13:07:14.611165,5500000000.0,-62.56,21
24,2025-04-22 13:07:18.922469,5500000000.0,-66.08,21
25,2025-04-22 13:07:23.343280,5500000000.0,-58.1,21
26,2025-04-22 13:07:27.628433,5500000000.0,-63.14,21
27,2025-04-22 13:07:31.944551,5500000000.0,-56.76,21
1,2025-04-22 13:08:19.617537,5500000000.0,-69.29,22
2,2025-04-22 13:08:24.149255,5500000000.0,-71.23,22
3,2025-04-22 13:08:28.501433,5500000000.0,-69.39,22
4,2025-04-22 13:08:32.796089,5500000000.0,-69.54,22
5,2025-04-22 13:08:37.185306,5500000000.0,-65.17,22
6,2025-04-22 13:08:41.877400,5500000000.0,-81.13,22
7,2025-04-22 13:08:46.189205,5500000000.0,-69.44,22
8,2025-04-22 13:08:50.466388,5500000000.0,-71.18,22
9,2025-04-22 13:08:54.763710,5500000000.0,-66.88,22
10,2025-04-22 13:08:59.226199,5500000000.0,-70.74,22
11,2025-04-22 13:09:03.677413,5500000000.0,-70.2,22
12,2025-04-22 13:09:08.110605,5500000000.0,-70.14,22
13,2025-04-22 13:09:12.509915,5500000000.0,-68.66,22
14,2025-04-22 13:09:16.879260,5500000000.0,-68.89,22
15,2025-04-22 13:09:21.222136,5500000000.0,-52.3,22
16,2025-04-22 13:09:25.743614,5500000000.0,-50.27,22
17,2025-04-22 13:09:30.165279,5500000000.0,-65.52,22
18,2025-04-22 13:09:34.446027,5500000000.0,-70.72,22
19,2025-04-22 13:09:38.759842,5500000000.0,-68.5,22
20,2025-04-22 13:09:43.069507,5500000000.0,-69.12,22
21,2025-04-22 13:09:47.367672,5500000000.0,-66.31,22
22,2025-04-22 13:09:51.647190,5500000000.0,-64.91,22
23,2025-04-22 13:09:55.952072,5500000000.0,-63.33,22
24,2025-04-22 13:10:00.270774,5500000000.0,-68.18,22
25,2025-04-22 13:10:04.897060,5500000000.0,-62.68,22
26,2025-04-22 13:10:09.609003,5500000000.0,-66.33,22
27,2025-04-22 13:10:13.902891,5500000000.0,-65.06,22
